<application>
  <component name="FindSettings">
    <option name="customScope" value="Project Files" />
    <option name="defaultScopeName" value="Project Files" />
    <option name="localCaseSensitive" value="true" />
    <option name="LOCAL_CASE_SENSITIVE_SEARCH" value="true" />
    <option name="SEARCH_SCOPE" value="Project Files" />
    <mask>*.xml</mask>
    <mask>*.css</mask>
    <mask>*.shtml</mask>
    <mask>*.shtm</mask>
    <mask>*.ng</mask>
    <mask>*.htm</mask>
    <mask>*.sht</mask>
    <mask>*.html</mask>
    <mask>*.mts</mask>
    <mask>*.cts</mask>
    <mask>*.ats</mask>
    <mask>*.ts</mask>
    <mask>*.cjs</mask>
    <mask>*.less</mask>
    <mask>*.twig</mask>
    <mask>*.js</mask>
    <mask>*.php</mask>
    <mask>*.ts, tsx</mask>
    <mask>*.graphql</mask>
    <mask>epic</mask>
    <mask>epics.ts</mask>
  </component>
</application>