<application>
  <component name="RainbowSettings">
    <option name="bigFilesLinesThreshold" value="1500" />
    <option name="rainbowVariablesOptionShowed" value="true" />
    <option name="showRainbowIndentGuides" value="false" />
    <option name="suppressAdvancedIndentGuidesBanner" value="true" />
    <option name="suppressBigFileCheck" value="true" />
    <option name="suppressXMLCheck" value="true" />
    <option name="suppressYAMLCheck" value="true" />
    <option name="version" value="2023.3.9-233" />
  </component>
</application>