<application>
  <component name="NodeJsLocalInterpreterManager">
    <local-interpreter path="C:/Program Files/nodejs/node.exe">
      <version-cache last-modified="0" />
    </local-interpreter>
    <local-interpreter path="$USER_HOME$/.nvm/versions/node/v18.8.0/bin/node">
      <version-cache version="18.8.0" last-modified="1661349275000" />
    </local-interpreter>
    <local-interpreter path="$USER_HOME$/.nvm/versions/node/v17.4.0/bin/node">
      <version-cache version="17.4.0" last-modified="1642513732000" />
    </local-interpreter>
    <local-interpreter path="$USER_HOME$/.nvm/versions/node/v16.17.0/bin/node">
      <version-cache version="16.17.0" last-modified="1660631784000" />
    </local-interpreter>
    <local-interpreter path="$USER_HOME$/.nvm/versions/node/v16.16.0/bin/node">
      <version-cache version="16.16.0" last-modified="1657195538000" />
    </local-interpreter>
    <local-interpreter path="$USER_HOME$/.nvm/versions/node/v15.14.0/bin/node">
      <version-cache version="15.14.0" last-modified="1617732558000" />
    </local-interpreter>
    <local-interpreter path="$USER_HOME$/.nvm/versions/node/v14.17.0/bin/node">
      <version-cache version="14.17.0" last-modified="1620756851000" />
    </local-interpreter>
    <local-interpreter path="/bin/node">
      <version-cache version="10.19.0" last-modified="1585664771000" />
    </local-interpreter>
    <local-interpreter path="/usr/bin/node">
      <version-cache version="10.19.0" last-modified="1585664771000" />
    </local-interpreter>
  </component>
</application>