<application>
  <component name="SettingsSyncSettings">
    <option name="disabledSubcategories">
      <map>
        <entry key="PLUGINS">
          <value>
            <list>
              <option value="color.scheme.Tokyo Night" />
              <option value="com.junkfactory.tokyodark" />
              <option value="mobi.hsz.idea.gitignore" />
            </list>
          </value>
        </entry>
      </map>
    </option>
    <option name="syncEnabled" value="true" />
  </component>
</application>