<keymap version="1" name="VSCode copy" parent="VSCode">
  <action id="ActivateProjectToolWindow">
    <keyboard-shortcut first-keystroke="alt 1" />
  </action>
  <action id="Console.TableResult.EditValue">
    <keyboard-shortcut first-keystroke="enter" />
  </action>
  <action id="Console.TableResult.GotoReferencedResult">
    <mouse-shortcut keystroke="button1 doubleClick" />
    <keyboard-shortcut first-keystroke="enter" />
    <keyboard-shortcut first-keystroke="f2" />
  </action>
  <action id="Git.New.Branch.In.Log" />
  <action id="GitNewBranchAction" />
  <action id="Graph.AlignNodes.Left" />
  <action id="Inline" />
  <action id="InsertInlineCompletionAction">
    <keyboard-shortcut first-keystroke="right" />
  </action>
  <action id="IntroduceParameter" />
  <action id="Javascript.Linters.EsLint.Fix">
    <keyboard-shortcut first-keystroke="shift ctrl alt p" />
  </action>
  <action id="NewDir">
    <keyboard-shortcut first-keystroke="ctrl alt p" />
  </action>
  <action id="NewFile">
    <keyboard-shortcut first-keystroke="ctrl alt n" />
  </action>
  <action id="SearchEverywhere">
    <keyboard-shortcut first-keystroke="shift ctrl a" />
  </action>
  <action id="SelectInProjectView">
    <keyboard-shortcut first-keystroke="f1" />
  </action>
  <action id="ServiceView.GroupByServiceGroups" />
  <action id="ShowIntentionActions">
    <keyboard-shortcut first-keystroke="ctrl period" />
    <keyboard-shortcut first-keystroke="alt enter" />
  </action>
  <action id="ShowSettings">
    <keyboard-shortcut first-keystroke="ctrl alt s" />
  </action>
  <action id="Stylelint.Fix">
    <keyboard-shortcut first-keystroke="ctrl alt l" />
  </action>
  <action id="UsageGrouping.Directory" />
</keymap>